Headline,Category,Description
"There Were 2 Mass Shootings In Texas Last Week, But Only 1 On TV",CRIME,She left her husband. He killed their children. Just another day in America
Will Smith Joins Diplo And Nicky Jam For The 2018 World Cup's Official Song,ENTERTAINMENT,Of course it has a song.
Hugh Grant Marries For The First Time At Age 57,ENTERTAINMENT,The actor and his longtime girlfriend Anna Eberstein tied the knot in a civil ceremony.
Jim Carrey Blasts 'Castrato' Adam Schiff And Democrats In New Artwork,ENTERTAINMENT,The actor gives Dems an ass-kicking for not fighting hard enough against Donald Trump.
Julianna Margulies Uses Donald Trump Poop Bags To Pick Up After Her Dog,ENTERTAINMENT,"The ""Dietland"" actress said using the bags is a ""really cathartic, therapeutic moment."
Morgan Freeman 'Devastated' That Sexual Harassment Claims Could Undermine Legacy,ENTERTAINMENT,"It is not right to equate horrific incidents of sexual assault with misplaced compliments or humor,"" he said in a statement."""
Donald Trump Is Lovin' New McDonald's Jingle In 'Tonight Show' Bit,ENTERTAINMENT,"It's catchy, all right."
What To Watch On Amazon Prime That\u2019s New This Week,ENTERTAINMENT,There's a great mini-series joining this week.
Mike Myers Reveals He'd 'Like To' Do A Fourth Austin Powers Film,ENTERTAINMENT,"Myer's kids may be pushing for a new ""Powers"" film more than anyone."
What To Watch On Hulu That's New This Week,ENTERTAINMENT,You're getting a recent Academy Award-winning movie.
Justin Timberlake Visits Texas School Shooting Victims,ENTERTAINMENT,"The pop star also wore a ""Santa Fe Strong"" shirt at his show in Houston."
South Korean President Meets North Korea's Kim Jong Un To Talk Trump Summit,WORLD NEWS,The two met to pave the way for a summit between North Korean and the U.S
"With Its Way Of Life At Risk, This Remote Oyster-Growing Region Called In Robots",IMPACT,The revolution is coming to rural New Brunswick.
Trump's Crackdown On Immigrant Parents Puts More Kids In An Already Strained System,POLITICS,"Last month a Health and Human Services official revealed the government was unable to locate nearly 1,500 children who had been released from its custody."
Trump's Son Should Be Concerned: FBI Obtained Wiretaps Of Putin Ally Who Met With Trump Jr.,POLITICS,"The wiretaps feature conversations between Alexander Torshin and Alexander Romanov, a convicted Russian money launderer."
Edward Snowden: There's No One Trump Loves More Than Vladimir Putin,POLITICS,"But don't count on Robert Mueller to nail him, the NSA whistleblower warns."
Booyah: Obama Photographer Hilariously Trolls Trump's 'Spy' Claim,POLITICS,Just a peeping minute.
Ireland Votes To Repeal Abortion Amendment In Landslide Referendum,POLITICS,Irish women will no longer have to travel to the United Kingdom to end their pregnancies.
Ryan Zinke Looks To Reel Back Some Critics With 'Grand Pivot' To Conservation,POLITICS,The interior secretary attempts damage control with hunting and fishing groups that didn't like his fossil fuel focus.
Trump's Scottish Golf Resort Pays Women Significantly Less Than Men: Report,POLITICS,And there are four times as many male as female executives.
Weird Father's Day Gifts Your Dad Doesn't Know He Wants (But He Does),WEIRD NEWS,Why buy a boring tie when you can give him testicle plush toys?
Twitter #PutStarWarsInOtherFilms And It Was Universally Entertaining,ENTERTAINMENT,"There's no such thing as too much ""Star Wars""."
"Mystery 'Wolf-Like' Animal Reportedly Shot In Montana, Baffles Wildlife Officials",WEIRD NEWS,We have no idea what this was until we get a DNA report back.
North Korea Still Open To Talks After Trump Cancels Summit,WORLD NEWS,Trump's announcement came after repeated threats by North Korea to pull out of the summit over what it saw as confrontational remarks by U.S. officials.
"2 Men Detonate Bomb Inside Indian Restaurant Near Toronto, Authorities Say",WORLD NEWS,"Fifteen people were taken to the hospital, three of them with critical injuries."
Thousands Travel Home To Ireland To Vote On Abortion Access,WORLD NEWS,Just try to read these #HomeToVote tweets without crying.
"Irish Voters Set To Liberalize Abortion Laws In Landslide, Exit Poll Signals",WORLD NEWS,Vote counting will begin Saturday.
Warriors Coach Steve Kerr Calls NFL Ban On Protests 'Fake Patriotism',BLACK VOICES,"Forbidding players to take a knee during the national anthem is cidiotic, the coach said."
"In Historic Victory, Barbados Elects First Female Prime Minister",BLACK VOICES,Mia Amor Mottley even earned the backing of the country's most recognizable national: Rihanna.
Police Killed At Least 378 Black Americans From The Moment Colin Kaepernick Protested,BLACK VOICES,These Americans deserve to be more than another statistic.
"Jack Johnson Was Pardoned, But Taboo Sex Is Still Being Criminalized",POLITICS,A new law to fight sex trafficking targets some of the people it ostensibly aims to protect.
BET Chairman and CEO Debra Lee Is Stepping Down,BLACK VOICES,Lee brought more original shows to the black entertainment network and focused on family programming
Rachel Dolezal Faces Felony Charges For Welfare Fraud,CRIME,"State prosecutors say almost $84,000 had been deposited into her bank account while she was receiving public assistance."
Bishop Michael Curry Joins Christian March To White House To 'Reclaim Jesus,POLITICS,"For Curry and others, being Christian means rejecting white nationalism and misogyny, while protecting immigrants, refugees and the poor."
"Kanye West Spent $85,000 On Photo Of Whitney Houston's Bathroom For Album Cover",ENTERTAINMENT,"Pusha T's album, produced by West, features a photo of the late singer's bathroom."
Morgan Freeman Dropped From Marketing Campaigns After Harassment Accusations,WOMEN,Both Visa and Vancouver's public transit system have suspended work with him
How The Chinese Exclusion Act Can Help Us Understand Immigration Politics Today,POLITICS,The Chinese Exclusion Act barely gets mentioned in U.S. history classes. A new PBS documentary from directors Ric Burns and Li-Shin Yu could change that.
Trump's New 'MAGA'-Themed Swimwear Sinks On Twitter,COMEDY,Does this swimsuit make me look racist?
Seth Meyers Has 1 Funny Regret After Trump Cancels North Korea Summit,COMEDY,There goes the one token of his appreciation
Colbert Wants To Turn NYC Subway Rides Into A New And Terrible Punishment,COMEDY,"The ""Late Show"" host takes on Michael Cohen and his ""taxi king"" business partner"
"Man Faces Charges After Pulling Knife, Stun Gun On Muslim Students At McDonald's",CRIME,"We thought we were going to die,"" one of the students said."
Jimmy Kimmel Knows Why Iran's Supreme Leader Watches 'Tom And Jerry,COMEDY,The host reimagined the cartoon after Ayatollah Ali Khamenei brought up the cat and mouse in defiance of U.S. threats
2 People Injured In Indiana School Shooting,CRIME,"A male student, believed to be the suspect, has been detained, according to police."
People Are Rattled By How Much This Nigerian Man Looks Like Chadwick Boseman,ENTERTAINMENT,Suleiman Abdulfatai looks like he could be the actor's long-lost brother
David Cross Proves Yet Again That He\u2019s Terrible At Apologizing,ENTERTAINMENT,The comedian suggested Jessica Walter was also abusive on set after saying he apologize for defending Jeffrey Tambo
Sesame Street' Creators Sue Makers Of Upcoming Adult-Themed Puppet Film,ENTERTAINMENT,The Happytime Murders refers to the classic show in its tagline
What You Missed About The Saddest Death In 'Avengers: Infinity War,ENTERTAINMENT,Directors Joe and Anthony Russo answer our most pressing questions.
George Takei Accuser Walks Back Story Of Drugging And Sexual Assault,ENTERTAINMENT,"The ""Star Trek"" actor was accused of groping a model 36 years ago"
Pete Davidson Says His Mental Illness Doesn't Ruin Romance,ENTERTAINMENT,"The ""SNL"" star reacted to criticism that he shouldn't date Ariana Grande because of his borderline personality disorder."
James Corden And Adam Levine Get Pulled Over During 'Carpool Karaoke',ENTERTAINMENT,It was bound to happen.
Hollywood Doesn't Need 'Difficult' Men To Make Great TV, ENTERTAINMENT,"""Crazy Ex-Girlfriend's"" Vella Lovell pushes back on what old-school male actors see as the norm."
Harvey Weinstein Accusers Say They Never Thought He Would Be Arrested,ENTERTAINMENT,Some of the actresses who came forward with sexual assault claims against the once powerful Hollywood mogul responded with both surprise and relief.
Harvey Weinstein Turns Himself In To Police For Alleged Sex Crimes,ENTERTAINMENT,The bombshell sexual harassment accusations against Weinstein sparked the Me Too movement
John Mayer's Weird New Low-Budget Video Is A Meme-Worthy Masterpiece,ENTERTAINMENT,"Mayer's hilariously strange ""New Light"" video even spells his name wrong."
Now Boba Fett Is Getting His Own 'Star Wars' Movie,ENTERTAINMENT,An Obi-Wan Kenobi film is also reportedly in development.
Trump Suggests North Korea Summit Could Still Happen,WORLD NEWS,He had canceled the planned June 12 summit less than a day earlier.
Roger Stone Pressed For Damaging Emails About Hillary Clinton From WikiLeaks: Report,POLITICS,"Stone's contact with Julian Assange reportedly told him he couldn't ask WikiLeaks favors ""every other day."
Public Suspends Contributions To NRA-Backed Politician Amid Protests,POLITICS,"Publix knows we're not going away,"" one gun-control activist said."
"Twitter Bots May Have Delivered Donald Trump's Victory, Research Paper Says",POLITICS,"Our results suggest that, given narrow margins of victories in each vote, bots effect was likely marginal but possibly large enough to affect the outcomes."
A Bag Of Wet Socks Is Apparently Living In The White House Press Briefing Room,WEIRD NEWS,"The formerly wet bag of socks... has become crusty,"" tweeted a reporter who thrice spotted the socks."
A Member Of The Far-Right Proud Boys Menaced A Twitter User On His Doorstep,POLITICS,"A videographer made fun of the far-right extremist group online, so they showed up at his house."
All The Things The NRA Has Blamed For The Texas School Shooting,POLITICS,Godlessness. Too many doors in schools. Ritalin. Guess what's not on the list?
Here's What Happens When A Catholic Hospital Won't Try To Save You,POLITICS,Catholic hospital systems are pushing Trump to expand conscience rights even though faith-based medicine has nearly killed some of their patients.
Trump's New Executive Orders Make It Easier To Fire Federal Workers,POLITICS,Unions denounced the president's actions an cassault on democracy.
Monsanto And Bayer Are Set To Merge. Here's Why You Should Care,IMPACT,Together they will influence markets all over the world on a scale we've never seen before.
The Joy Of Watching Harvey Weinstein\u2019s Perp Walk,WOMEN,There's a delicious schadenfreude in seeing a powerful abuser finally held accountable.
The 20 Funniest Tweets From Women This Week,WOMEN,Welcome to adulthood. You have a favorite spatula now.
Queer Eye' Star Bobby Berk Gave Me A Desk Makeover -- And It Was Incredible,QUEER VOICES,Can you believe?
Older Gay Men Try Out 'New Gay' Slang In This Hilarious Video,QUEER VOICES,You guys are watching too much RuPaul.
How 'RuPaul\u2019s Drag Race' Is Teaching Straight People About Queer Culture,QUEER VOICES,Mainstream pop culture isn't the only thing to potentially benefit from the show's continued prominence
Fish Market Buys Freedom For Fred The 70-Pound Octopus,WEIRD NEWS,The market owner won't sell octopus products after playing hide-and-seek with a friendly cephalopod
"North Korea Threatens Again To Call Off Trump Summit, Warns Of \u2018Nuclear Showdown\u2019",WORLD NEWS,"A top Pyongyang official lambasted ""political dummy"" Mike Pence and cautioned the U.S. against making ""ignorant"" remarks"
Investigation Finds Russian Missile Shot Down Flight MH17,WORLD NEWS,"It's not clear who was operating the missile that hit the plane over eastern Ukraine in 2014, killing 298 people."
"North Korea Demolishes Tunnels At Nuclear Test Site, Reports Say",WORLD NEWS,North Korea has conducted all six of its nuclear tests at the Punggye-ri site
How Kim Jong Un \u2018Baited\u2019 Trump Into Canceling The North Korea Summit,WORLD NEWS,Trump's slapdash attempt at negotiations has left the U.S. isolated from its Asian allies
Michelle Obama Reveals Cover For Upcoming Memoir 'Becoming,POLITICS,The process of writing this book has been so personally meaningful and illuminating for me.
Late Night' Writer's Breathless Royal Wedding Recap Is The Only One You Need,COMEDY,"Then he bites his lip, like, Hmm, girl."
Morgan Freeman Accused Of Inappropriate Behavior And Sexual Harassment,WOMEN,Eight people told CNN that they were victims of harassment and inappropriate behavior by the actor.
Jets Chairman Christopher Johnson Won't Fine Players For Anthem Protests,SPORTS,I never want to put restrictions on the speech of our players.
Andy Cohen And Taylor Swift Are Over Their Katy Perry Drama,ENTERTAINMENT,"No \""Bad Blood\"" here."
Infinity War' Writers Try To Clear Up Marvel's Problematic Timeline,ENTERTAINMENT,Stephen McFeely and Christopher Markus clarify when Thanos may have acquired the Infinity Gauntlet
David Blaine Chews Glass And Lets James Corden Puncture His Cheek,ENTERTAINMENT,"Sure it's gross, but you're still here."
Amy Poehler: A 'Parks And Recreation' Revival Would Be 'Amazing,ENTERTAINMENT,Co-star Nick Offerman also seemed on board... under one (incredible) condition
Colbert Exposes The\u00a0Biggest Flaw In Trump\u2019s Latest Conspiracy Theory,COMEDY,"Colbert follows Trump ""down the rabbit hole."
Seth Meyers Gives Donald Trump Some Valuable Marketing Advice,COMEDY,Stop trying to make  Fetch happen.
"U.S. Launches Auto Import Probe, China Vows To Defend Its Interests",BUSINESS,The investigation could lead to new U.S. tariffs similar to those imposed on imported steel and aluminum in March
This Women Pulled Out All The Stops To Land Her Dream Job,BLACK VOICES,Jessica Bain scored the black history and culture fellowship at Spotify
"Wife Asked Husband For Fenty Highlighter And Got a Pack Of Highlighters, Hairbrush",BLACK VOICES,Charlema Webb's husband thought she meant actual pen-to-paper highlighters.
Trump Roasted For Rushing To Defend Tomi Lahren While Ignoring Real Victims,POLITICS,Trump's more concerned about Tomi Lahren being splashed with water than Flint still being entirely without safe water.
Trump Abruptly Cancels North Korea Summit With Kim Jong Un,POLITICS,Trump cited North Korea's ctremendous anger and open hostility in calling off the June 12 Singapore meeting
Devin Nunes-Linked Winery Faced Suit Over Alleged Coke And Prostitute Yacht Party,POLITICS,"The lawmaker is reportedly one of at least 50 investors in the winery, though the company said they were not involved in the party"
"Immigrant Children Accuse Border Patrol Of Abuse And Neglect, Report Shows",POLITICS,"One 16-year-old filed a complaint alleging that a Border Patrol agent ""threw him down and smashed his head into the ground with his boot"
Ireland's Historic Vote On Legalizing Abortion Is Haunted By Trump And Brexit,POLITICS,American influence could tip the referendum
Trump Lawyer Attended DOJ Meeting On Confidential FBI Informant,POLITICS,"Emmet Flood, the White House attorney dealing with the Russia probe, was present at a controversial DOJ meeting about the investigation."
"Senate Advances Court Pick Who Said Planned Parenthood 'Kills Over 150,000 Females A Year 2019",POLITICS,Every Republican on the judiciary committee voted for Wendy Vitter.
Rudy Giuliani: Trump Won't Interview With Mueller Until We Get Spygate Report,POLITICS,The canceled North Korea summit doesn't mean the president will be talking to the special counsel anytime soon.
Kentucky Attorney Running For Judge Dies 1 Day After Primary Win,POLITICS,"Danny Alvarez, a married of father of three, was vying for Jefferson County District Court judge in Louisville."
Chrissy Teigen Taunts Donald Trump Over Twitter Blocking Ruling,POLITICS,"Other tweeters, including Mexico's former president Vicente Fox, also poked fun at Trump over the news."
The Koch Network Is Going After One Of Trump's Favorite Congressmen,POLITICS,The billionaire Koch brother's political network wants to show it will punish Republicans who don't support its agenda.
Trump Posthumously Pardons Boxer Jack Johnson,SPORTS,The pardoning of the black heavyweight boxer is only the third posthumous pardon in U.S. history.
Ellen Tears Up When Ashton Kutcher Donates $4 Million To Her Wildlife Fund,ENTERTAINMENT,She even got to personally push the button to transfer the funds.
"Kim Kardashian Wished Kanye West A Happy Anniversary And, Fine, It's Pretty Cute",ENTERTAINMENT,4 years down and forever to go....
Chris Hemsworth Dances 'Wrecking Ball' With His Kids In The Living Room,ENTERTAINMENT,What a god.
Moses Farrow Defends Woody Allen And Accuses Mia Farrow Of Abuse,ENTERTAINMENT,"Dylan Farrow called her brother's essay ""beyond hurtful"" and ""easily disproven."
Gwyneth Paltrow Says Brad Pitt Threatened To Kill Harvey Weinstein,ENTERTAINMENT,"The film producer allegedly made advances on her years ago, but her then-boyfriend made sure it didn't happen again."
Stephen King Reveals Why Donald Trump Blocked Him On Twitter,ENTERTAINMENT,"The horror master also took on ""creepy"" Mike Pence: ""He has that look."
Fans Back Jessica Walter After She Addressed Verbal Harassment By Jeffrey Tambor,ENTERTAINMENT,We should be grieving with Jessica Walter. That shouldn't have happened to her.
Jessica Walter Discusses Jeffrey Tambor's Alleged Harassment While Male Co-Stars Brush It Off,ENTERTAINMENT,"In like almost 60 years of working, I've never had anybody yell at me like that on a set, the actress said."
Harvey Weinstein Expected To Turn Himself In To The NYPD For Sex Crimes,ENTERTAINMENT,Authorities in New York have been investigating the former producer for alleged sexual abuse and harassment.
Jessica Walter Discusses Jeffrey Tambor's Alleged Harassment While Male Co-Stars Brush It Off,ENTERTAINMENT ,In like almost 60 years of working.
Harvey Weinstein Expected To Turn Himself In To The NYPD For Sex Crimes,ENTERTAINMENT ,Authorities in New York have been investigating the former producer for alleged sexual abuse and harassment.
Samantha Bee Torches ICE: 'Let's Shut It The F**k Down,COMEDY,I m serious. It's awful. And we don't actually need it
Scott Pruitt Twice Introduced Anti-Abortion Bills Giving Men,POLITICS,"Before he was Trump's embattled EPA chief, Pruitt was a state politician who backed draconian abortion."
Twitter Critics Mercilessly Mock Trump For Canceling Summit With Kim,POLITICS,Pot meet kettle.
Civil Rights Groups Rip Senate Bill Revising Its Own Sexual Harassment Policy,POLITICS,The bill would let lawmakers hide past offenses and only be punished for 
Alabama Sues To Exclude Undocumented Immigrants From Census Count,POLITICS,Legal experts say the suit has some big flaws.
Cynthia Nixon Vows To Keep Fighting After (Predictably) Losing Party Endorsement,POLITICS,She plans to get the required number of petition signatures to make it onto the ballot.
White House Officials Reportedly Considered Just 'Ignoring' New Climate Research,POLITICS,An internal memo obtained by The Washington Post offers a glimpse into the challenges faced by the Trum
Read Trump's Letter To Kim Jong Un Canceling North Korea Summit,POLITICS,"Basically: ""It's not me, it's you."
South Korea Responds To Trump's Sudden Cancellation Of Kim Jong Un Summit,WORLD NEWS,"We are attempting to make sense of what, precisely, President Trump means."
Facebook's New Ad Rules Prove It's Basically In Charge Of Regulating Elections Now,POLITICS,"Sure, this seems like the kind of thing a private company should be in charge of. Welcome to the Facebook Election Commission"
Border Agent Fatally Shoots Migrant Woman In Texas,POLITICS,Why did you shoot at the girl? You killed her! a bystander asks in viral video that shows the aftermath
Trump Opens Door For U.S. Gun Industry To Sell More Firearms Abroad,POLITICS,Senators and human rights groups worry the proposed rule changes will export the U.S. gun violen
Stormy Daniels Day' Declared In West Hollywood As Adult Star Gets Key To City,POLITICS,The California city recognized her as a national figure in the resistance to the Trump Administration.
You're Going To Use That Self-Checkout Machine Whether You Like It Or Not,IMPACT,"We may not realize it, but retailers are conditioning us to be our own cashiers."
"14 Ways To Make Family Road Trips Easier, From Parents Who've Been There",TRAVEL,Having waterproof covers on the seats is kind of brilliant.
Jake Tapper Shreds Donald Trump With A Long List Of His Conspiracy Theories,MEDIA,"I could go on, but this is just an hour show."
New York Daily News Rips NFL Over Anthem Kneeling Ban,MEDIA,L DISHONORS THE FLAG
A Judge Ruled One Immigrant Had A Right To A Hearing. What About All The Others?,POLITICS,The Supreme Court will likely have to determine whether indefinite detention without a bond hearing violates the Constitution
House Democrats Offer Internships For Students Affected By Gun Violence,POLITICS,It's important that we learn from their experience.
Tig Notaro Tells Ellen DeGeneres About Her Sons' Passion For Trash,QUEER VOICES,"The comedian also \""can't wait\"" to play Jennifer Aniston's wife on \""First Ladies."
Stormy Daniels Thanks \u2018Wonderful Gay Dads\u2019 As West Hollywood Hands Her Keys To City,QUEER VOICES,"West Hollywood has also reaffirmed its commitment to being a sanctuary city,"
Can You Believe? Queer Eye Season 2 Drops Next Month,QUEER VOICES,It's slated to hit Netflix on June 15th.
Gay Man Denied Marriage License By Kim Davis Loses Bid To Unseat Her,QUEER VOICES,"Despite support from Amy Schumer and Susan Sarandon, David Ermold won't challenge Davis this fall."
Anna Kournikova Dancing With Her Bouncing Baby Is The Cutest Thing,SPORTS,The score is love-love.
Trump Says NFL Players Unwilling To Stand For Anthem Maybe 'Shouldn't Be In The Country,SPORTS,"I don't think people should be staying in locker rooms, Trump told Fox News."
Facebook Accused Of Reading Texts And Accessing Microphones In Lawsuit,TECH,A failed startup suggested that Facebook mounted what could be described as mass surveillance.
Self-Driving Uber In Fatal Accident Had 6 Seconds To React Before Crash,TECH,The NTSB published a preliminary report on the incident Thursday.
Amazon Admits Alexa Device Eavesdropped On Portland Family,WEIRD NEWS,Unplug your Alexa devices right now.
Man Discovers Handgun Impaled In Front Bumper Of Car,WEIRD NEWS,The driver kept going after a mysterious object struck his car.
Rescue Cat Has Hilarious Wide-Eyed Expression After Scan Confirms She Is Pregnant,WEIRD NEWS,Unplug your Alexa devices right now. You'e being hacked.
Weirdest Promposals Of 2018 Include Teen Who Faked His Own Birth,WEIRD NEWS,The things people do for love. Or at least for prom.
Trump And The American Far Right Stoke Hate In Canada,WORLD NEWS,"Hate crimes have increased, extremist groups are growing, and two mass killings shocked the country."
Far-Right And Anti-Establishment Parties Set To Form Italy's New Government,WORLD NEWS,Italy is on track to have one of the most radical and populist governments in all of Europe.
Sarah Silverman Sees No Reason Why Louis C.K. Can't Continue Being An Artist,ENTERTAINMENT ,"He's my brother, so it's hard. I may not have a very clear"
Southern Baptist Leader Who Said Abused Women Should Just Pray Is Removed From Post,RELIGION,Paige Patterson was demoted to president emeritus after thousands of evangelical women signed a petition calling
More Americans Than Ever Support Same-Sex Marriage,QUEER VOICES,It seems the current administration doesn't speak for most Americans when it comes to LGBTQ rights.
Brynn Cartelli Becomes Youngest-Ever Winner Of 'The Voice,ENTERTAINMENT ,The TV singing competition's new champion just turned 15.
Betsy DeVos Stirs Uproar By Saying Schools Can Call ICE On Undocumented Kids,POLITICS,"The education secretary said it's a local decision, but she didn't argue against it."
"6 Sandy Hook Families, FBI Agent Sue Alex Jones For Defamation",POLITICS,The lawsuit is the latest of several targeting the Infowars conspiracy theorist
High School Teacher Defeats Kentucky House Majority Leader In GOP Primary,POLITICS,The upset comes after widespread teacher protests over pension and education budget cuts.
Lupe Valdez Makes History In Texas By Winning Democratic Nod For Governor,POLITICS,The former sheriff  the first Latina nominated for Texas governor by a major party now fac
Report: Michael Cohen's Business Partner Cooperating With Prosecutors,POLITICS,Evgeny Freidman has been Cohen\u2019s partner in the taxi business for years.
Brandi Chastain Totally Agrees Her Hall Of Fame Plaque Looks Nothing Like Her,SPORTS,Was it supposed to be Gary Busey or Mickey Rooney?
Scientists Turn To DNA Technology To Search For Loch Ness Monster,SCIENCE,The researchers plan to scour the Loch Ness next month for evidence of its supposed inhabitant.
Late Night' Writer Vows To 'Take Red Hats Back' From Trump Supporters,COMEDY,"When people see me -- a portly, soft-chinned white male -- wearing a red hat from a distance, they assume the worst."
Julia Louis-Dreyfus To Receive 2018 Mark Twain Prize for American Humor,COMEDY,"Well, this is insanely exciting, the actress said about the news."
Michelle Obama Shares Intimate Wedding Photo In Tribute To Husband Barack,BLACK VOICES,She's paying tribute to Barack Obama and their 25-year marr
Did You Spot Trevor Noah In 'Black Panther'? The 'Daily Show' Host's Stealth Cameo Revealed,BLACK VOICES,"The officer, working as a security guard, is accused of punching one woman in the head, then holding her and ano"
Donald Glover Fans Execute Stunning Coup On Donald Trump-Themed Reddit Forum,Black Voices,Fans ae stunting or Donald Tump theme
T.I. Calls For Boycott Of Restaurant After Off-Duty Cop Allegedly Assaults 3 Black Women,Black Voices,Off duty cop alleged a salt black woman
Survivor Of Rwandan Genocide To Be Country's First Female Neurosurgeon,Wold News,Neuosugeon was first female to survivor of Rwandan to be country
Stacey Abrams Wins Democratic Primary For Georgia Governor,POLITICS,Stacey Abraham wins democratic governer
Trevor Noah Reveals The Question He Ask Donald Trump That No Else Has Dared To,COMEDY,Noah ask question no else dared to
Michelle Obama Reflects On scary Time At Princeton With Sweet Throwback Snap,BLACK VOICES,Michelle reflects throwback snap
Reasons Why Started A Conversation. Who's Responsible For Finishing It,ENTERTAINMENT,Finding responsible for the conversation
Lourdes Leon Gives Us Major Madonna Vibes In Moody New Ad Campaign Pics,ENTERTAINMENT,Leon gives us moody vibes
5 Ways Netflix Tricks You Into Watching More Shows And Movies,ENTERTAINMENT,Movies watched by netflix
Brad Pitt Made Ryan Reynolds Do One Demeaning Thing In Exchange For 'Deadpool 2' Cameo,ENTERTAINMENT,Inexchange of deadpool to they have nothing
Robert De Niro Bans Trump From Every Nobu Restaurant,ENTERTAINMENT,Robert bans trump resturant
Ariana Grande Shuts Down Fan Blaming Her For \u2018Heartbreaking\u2019 Mac Miller Split,ENTERTAINMENT,Arian shuts down grooming fans
Parents Slam 'Show Dogs' Scenes As Grooming Children For Sexual Abuse,ENTERTAINMENT,Paents show scene as children abuses
Dave Grohl Wants To Apologize To The World For \u2018Massive Jerk\u2019 Trump,ENTERTAINMENT,Dave Grohl apologize for world trump
Emilia Clarke Introduced Herself To Prince William In A Pretty Embarrassing Way,ENTERTAINMENT,Emilia introduce herself to prince in the peety
Sarah Paulson Takes Impressions To Next Level On 'Tonight Show,ENTERTAINMENT,sarah takes impression on nights show
The B-52s Are Still Ready To Party. And Be Taken Seriously,ENTERTAINMENT,B_525 ready to taken party
Gina Ortiz Jones Wins Democratic Runoff In Texas Congressional Race,POLITICS,Gina wins democratic race in texas
Fighter Pilot Amy McGrath Wins Democratic Primary In Kentucky Swing District,POLITICS,Fighter pilot wins swing district
Trump Rallies Conservatives With Promise Of More Abortion Curbs,POLITICS,Trump conservation with promise for abortion
The ACLU Is Suing To Strike Down Ohio's Congressional Map,POLITICS,The ACLU strike Ohio's map
The Latest School Shooting Hasn't Really Stirred The Gun Debate,POLITICS,The school really stirred gun debate
Donald Trump Tweet Rescues Roseanne And Family In Season Finale,ENTERTAINMENT,Trump tweet resources in season finale
Ellen Grills Mark Wahlberg About His Shirtless Instagram Selfies,ENTERTAINMENT,Ellen mark is shirtless selfish on instagram
Idris Elba To Star As The New Hunchback Of Notre Dame For Netflix,ENTERTAINMENT,Idris Elba to star for netflix
Maryland Police Charge 3 Church Leaders With Past Abuse Of At-Risk Teen Girls,CRIME,Maryland police charge for abuse on teen girl
NFL Bans Kneeling During The National Anthem,SPORTS,NFL bans kneeling during anthum
Conan O'Brien Muscles In On The Royal Wedding With His Own Spoof Ads,COMEDY,Conan muscle on wedding with his own ads
House Republicans Report Progress On An Immigration Deal,POLITICS,Republican reports on a deal
Democrats Weren't Invited To Review Classified Documents On FBI Informant,POLITICS,Democrats were not classified on FBI informant
GOP Candidate Who Pointed Gun At Teenager Advances To Georgia Governor Primary Runoff,POLITICS,GOP candidates advances to governer run off
Walking Definition Of An Entitled Millennial Swears He's Not An Entitled Millennial,WEIRD NEWS,In title millennial swear he's not intitle
Democrats Push To Be Included In Classified Briefing On FBI Informant,POLITICS,On FBI informant democrats classified
"Machines Don't Always Steal Our Jobs. Increasingly, They Rob Our Work Of Humanity",IMPACT,Machine do not work like human
"Trump Praises Tomi Lahren After Restaurant Crowd Tosses Water, Insults",POLITICS,Trump raises after tosses water
Sarah Sanders: It 'Bothers Me' Being Called A Liar,POLITICS,Sarah brothe being called a liar
"Trump Blocking People On Twitter Is Unconstitutional, Judge Rules",POLITICS,People blocks on twitter
A Mostly Non-Christian Militia Won 2 Of Iraqi Christians' Parliamentary Seats. Now Christians Want Trump To Intervene,POLITICS,Non_Chistian worn to parlimentry seats
Tulsi Gabbard's Syria Views Cost Her Support Of Hawaii Teachers Union,POLITICS,Tulsi views her support of Hawaii Teacher
Jared Kushner Received His Security Clearance: Reports,POLITICS,Jared received his security clearance
Arizona GOP Congressional Candidate Compares Abortion To Holocaust,POLITICS,Arizona GOP compaes abortion
Gun Reform Advocate Lucy McBath Heads To Runoff For Georgia House Seat,POLITICS,Gun reform lucy heads to run off
Star Wars' Burlesque Show Storms West Coast With Sexy Stormtroopers,WEIRD NEWS,Star War's show sexy stormtroopes
Establishment-Backed Moderate Wins Heated Democratic House Primary In Texas,POLITICS,In Texas heated house wins establishments
Senators Unveil Bill To Crack Down On Their Sexual Harassment,POLITICS,Senators bails on their sexual herassment
14 Trips To Take From New York City On A Long Weekend,TRAVEL,In a weekend for fourteen trips take from New York
Disney Reveals Opening Seasons For 'Star Wars' Theme Park Lands,TRAVEL,Disney reveals theme for parkland
The Latest Entries From The Comedy Wildlife Photo Awards Will Cheer You Up,COMEDY,Wildlife photo award will cheer up you
Bad Lip Reading Reveals What Was Really Said At The Royal Wedding,COMEDY,The royal weeding bad lip reading said at wedding
Australian Archbishop Convicted Of Covering Up Child Sex Abuse,WORLD NEWS,Australian covering up children sex
Trump Reportedly Rejects Phone Security Measures As 'Too Inconvenient,POLITICS,The president is said to use a cellphone that lacks top security features and ignores advice to regularly swap his Twitter phone.
Federal Court Sides With Transgender Teen Gavin Grimm In Bathroom Fight,POLITICS,The court denied a motion to dismiss Grimm's lawsuit against the Gloucester County School Board
Ex-Trump Adviser Calls President's Claims That Informant Spied On Campaign 'Embarrassing',POLITICS,Trump has asked the Justice Department to look into whether an FBI informant infiltrated his campaign for political purposes.
Vietnam Is A Test For What Happens When The U.S. Abandons Climate Diplomacy,POLITICS,The Asian country's energy needs are growing and coal power is a tempting solution.
Just One-Third Of Americans Think Trump Is Successfully Draining The Swamp,POLITICS,That percentage has barely budged since last year.
"MSNBC Host Hugh Hewitt Suggests 'Trench Coat' Control, Not Gun Control",POLITICS,Forget restricting guns as a way to curb school shootings.
Bishop Michael Curry: Harry And Meghan's Love Brought Different Worlds Together,RELIGION,"For a moment we were actually together, organized around love, Curry said."
Sarah Paulson Is Unapologetic About 32-Year Age Gap With Girlfriend Holland Taylor,QUEER VOICES,And her justification is pretty romantic.
"Texans On Both Sides Of Gun Debate Agree On Safe Storage, But Not On How To Support It.",POLITICS,"The state has a child access prevention law, but it doesn't appear to be working as intended."
Family Of Gay Man Found Critically Injured Near Amtrak Route Wants Answers,QUEER VOICES,"Aaron Salazar's family said authorities have been looking into the possibility of attempted suicide, but they don't believe he would take his own life."
Instagram Is Adding A 'Mute' Button For The Sake Of Your Sanity,TECH,And no one will know when you use it.
Publix Censors Teen's 'Summa Cum Laude' Graduation Cake,WEIRD NEWS,I can't believe I m the first one to ever write Summa Cum Laude on a cake.
What Do You Say To Sexist Passengers? This Female Pilot Has The Perfect Response.,WOMEN,"Fact is, I can fly a jet, you can't"
"Time's Up Takes Aim At McDonald's, Walmart Over Sexual Harassment Complaints",WOMEN,Low-wage workers are fighting back with the help of Hollywood donors.
Venezuela's Socialist Leader Nicolas Maduro Re-Elected Amid Allegations Of Irregularities,WORLD NEWS,The State Department has already announced that the U.S. will not recognize the election result.
Iran Says Europe's Support For Nuclear Deal Isn't Enough After America's Withdrawal,WORLD NEWS,"We have to preserve this agreement so we don't have to negotiate a new agreement, the EU's energy chief said."
Far-Right Mob Attacks 75-Year-Old Liberal Greek Mayor,WORLD NEWS,"It was organized fascists who attacked me as a person and as a mayor, Yannis Boutaris said"
Shawn Mendes And Khalid Perform With Parkland Survivors At Billboard Music Awards,ENTERTAINMENT,This was not the first moment addressing gun violence at the awards show
Tamir Rice's Mother Is Opening A Youth Center To Honor Her Son's Memory,BLACK VOICES,The Tamir Rice Afrocentric Cultural Center will help usher children into the future her son will never have.
Judge Orders Texas To Make Voter Registration Easier When Updating DMV Info,POLITICS,Plaintiffs complained that the state violated the 1993 National Voter Registration Act.
Kelly Clarkson Calls For 'Moments Of Action' In Honor Of Texas Shooting Victims At Billboard Awards,ENTERTAINMENT,Why don't we change what's happening?
Kendrick Lamar Stops White Fan Rapping N-Word Onstage,BLACK VOICES,The Pulitzer Prize-winning artist gave her another shot.
"Gay Man Says Pope Francis Told Him, God Made You Like That And Loves You Like That",RELIGION,"His words, reportedly uttered in private, have been described as the most progressive remarks ever made by a modern pontiff about homosexuality."
Unusual Asteroid Could Be An Interstellar Guest To Our Solar System,SCIENCE,"The supposed ""interstellar immigrant"" is located near Jupiter but has an atypical orbit."
She Started A Suicide Prevention Site At Age 15. It's Still Going Strong,IMPACT,People didn't view me seriously because I was a 15-year-old girl.
Roger Stone Says He's 'Prepared' For 'Conjured Up' Mueller Indictment,POLITICS,"Any action is an ""effort to silence me,"" the controversial political operative said"
Hillary Clinton To Endorse Andrew Cuomo's Re-Election,POLITICS,"The New York governor faces former ""Sex and the City"" star Cynthia Nixon in the Democratic primary."
The Supreme Court Just Made It A Lot Harder For You To Sue Your Employer,POLITICS,"A new ruling allows employers to force workers into class-action waivers. As one justice put it, the case cuts to the entire heart of the New Deal."
Blake Farenthold May Have Been Hired Illegally At His New Lobbyist Job,POLITICS,"A Texas newspaper filed a lawsuit alleging the Calhoun Port Authority hired the disgraced former lawmaker without public notice, in violation of state law"
Bill Konigsberg Explores A New Side Of The Gay Experience In His Latest Book,QUEER VOICES,"The author hopes ""The Music of What Happens"" will inspire readers to fall in love , and think twice about gender roles."
Alone In The Game' Shows Biggest Hurdles For LGBTQ Athletes Exist Off The Field',QUEER VOICES,"A new documentary examines the ""culture of exclusion, bigotry and discrimination"" in pro sports."
Chrissy Teigen Somehow Gets Even More Real About Life After Childbirth,ENTERTAINMENT,This is postpartum life unfiltered.
Suits' Creator Pens Heartfelt Open Letter About Attending Royal Wedding,ENTERTAINMENT,"It felt like the world was becoming a better place, Aaron Korsh wrote of the ceremony involving his friend, Meghan Markle."
Here Are The Movies Coming To Netflix This Week,ENTERTAINMENT,"You have a few options this week, including a new Gillian Jacobs movie."
The Obamas Are Coming To Your Netflix Queue,ENTERTAINMENT,Netflix announced a deal with Barack and Michelle Obama to produce a variety of films and series.
"Sorry, Ben Affleck, Make Way For Justin Theroux's Giant Rat Tattoo",ENTERTAINMENT,Ther-oh-my-God!
Hillary Clinton Tips A Russian Hat At Trump During Yale Commencement Speech,POLITICS,"If you can't beat 'em, join 'em,"" Clinton said, in a pretty obvious nod to the Russians"
Giuliani Says Mueller Can't Talk To Trump Until Trump Hears More About FBI Source,POLITICS,"We can't let our guy go in and be questioned without knowing this, the president's lawyer said."
60 Minutes' Reporter Reveals Trump's Chilling Reason For Slamming The Press,MEDIA,"Lesley Stahl said Trump admitted that he attacks journalists so ""no one will believe"" them."
"Before You Call The Cops' On Him, Watch His Powerful Monologue On Racism",BLACK VOICES,I hate that anyone at all might possibly be afraid of me.
